ActTr,sum ADT,ID
484.00,10237.50,SW-503
1234.00,21828.50,NE-204
1207.00,24387.50,SE-112
573.00,15300.00,NE-208
739.00,15697.50,NE-215
1357.00,16980.00,SW-520
863.00,13220.00,NW-405
261.00,4025.00,NC-307
899.00,9641.00,SE-114
524.00,19045.50,SW-501
336.00,10675.00,SW-502
968.00,20756.50,NE-206